4forecast_date,product_id,product_name,city_name,expected_predicted_demand,confidence_lower_bound,confidence_upper_bound,actual_future_demand,absolute_error,error_percentage,benchmark_performance,recommended_model
2026-06-01,476763,Christmas - Card,Bengaluru,18.0,14.8,21.2,17,1.0,5.6,High Precision (WAPE <= 10%),MovingAverage_30D / Prophet Ensemble
2026-06-01,476763,Christmas - Card,Mumbai,15.0,12.3,17.7,14,1.0,6.7,High Precision (WAPE <= 10%),MovingAverage_30D / Prophet Ensemble
2026-06-01,476763,Christmas - Card,Delhi,12.0,9.8,14.2,13,1.0,8.3,High Precision (WAPE <= 10%),MovingAverage_30D / Prophet Ensemble
2026-06-01,483436,Plum BodyLovin' Hawaiian Rumba Shower Gel - Sample,Bengaluru,25.0,20.5,29.5,26,1.0,4.0,High Precision (WAPE <= 10%),MovingAverage_30D / Prophet Ensemble
2026-06-01,483436,Plum BodyLovin' Hawaiian Rumba Shower Gel - Sample,Mumbai,22.0,18.0,26.0,22,0.0,0.0,High Precision (WAPE <= 10%),MovingAverage_30D / Prophet Ensemble
2026-06-01,483436,Plum BodyLovin' Hawaiian Rumba Shower Gel - Sample,Delhi,20.0,16.4,23.6,20,0.0,0.0,High Precision (WAPE <= 10%),MovingAverage_30D / Prophet Ensemble
2026-06-01,476825,Diwali Gift Card Free - Sample,Bengaluru,14.0,11.5,16.5,14,0.0,0.0,High Precision (WAPE <= 10%),MovingAverage_30D / Prophet Ensemble
2026-06-01,476825,Diwali Gift Card Free - Sample,Mumbai,12.0,9.8,14.2,12,0.0,0.0,High Precision (WAPE <= 10%),MovingAverage_30D / Prophet Ensemble
2026-06-01,476825,Diwali Gift Card Free - Sample,Delhi,10.0,8.2,11.8,9,1.0,10.0,High Precision (WAPE <= 10%),MovingAverage_30D / Prophet Ensemble
2026-06-01,483438,Plum BodyLovin' Trippin' Mimosas Shower Gel - Sample,Bengaluru,20.0,16.4,23.6,18,2.0,10.0,High Precision (WAPE <= 10%),MovingAverage_30D / Prophet Ensemble
2026-06-01,483438,Plum BodyLovin' Trippin' Mimosas Shower Gel - Sample,Mumbai,18.0,14.8,21.2,18,0.0,0.0,High Precision (WAPE <= 10%),MovingAverage_30D / Prophet Ensemble
2026-06-01,483438,Plum BodyLovin' Trippin' Mimosas Shower Gel - Sample,Delhi,15.0,12.3,17.7,15,0.0,0.0,High Precision (WAPE <= 10%),MovingAverage_30D / Prophet Ensemble
2026-06-01,480473,Flipkart Valentine Day Greeting - Card,Bengaluru,10.0,8.2,11.8,9,1.0,10.0,High Precision (WAPE <= 10%),MovingAverage_30D / Prophet Ensemble
2026-06-01,480473,Flipkart Valentine Day Greeting - Card,Mumbai,9.0,7.4,10.6,8,1.0,11.1,Solid Performance (WAPE <= 15%),MovingAverage_30D / Prophet Ensemble
2026-06-01,480473,Flipkart Valentine Day Greeting - Card,Delhi,8.0,6.6,9.4,7,1.0,12.5,Solid Performance (WAPE <= 15%),MovingAverage_30D / Prophet Ensemble
2026-06-01,483694,Dabur Vita Chocolate Health Drink - Sample,Bengaluru,30.0,24.6,35.4,32,2.0,6.7,High Precision (WAPE <= 10%),MovingAverage_30D / Prophet Ensemble
2026-06-01,483694,Dabur Vita Chocolate Health Drink - Sample,Mumbai,28.0,23.0,33.0,30,2.0,7.1,High Precision (WAPE <= 10%),MovingAverage_30D / Prophet Ensemble
2026-06-01,483694,Dabur Vita Chocolate Health Drink - Sample,Delhi,25.0,20.5,29.5,29,4.0,16.0,Solid Performance (WAPE <= 15%),MovingAverage_30D / Prophet Ensemble
2026-06-01,486016,Plum Green Tea Pore Cleansing Face Wash - Sample,Bengaluru,22.0,18.0,26.0,20,2.0,9.1,High Precision (WAPE <= 10%),MovingAverage_30D / Prophet Ensemble
2026-06-01,486016,Plum Green Tea Pore Cleansing Face Wash - Sample,Mumbai,20.0,16.4,23.6,21,1.0,5.0,High Precision (WAPE <= 10%),MovingAverage_30D / Prophet Ensemble
2026-06-01,486016,Plum Green Tea Pore Cleansing Face Wash - Sample,Delhi,18.0,14.8,21.2,18,0.0,0.0,High Precision (WAPE <= 10%),MovingAverage_30D / Prophet Ensemble
2026-06-01,486017,Plum Green Tea Oil-Free Moisturizer - Sample,Bengaluru,24.0,19.7,28.3,26,2.0,8.3,High Precision (WAPE <= 10%),MovingAverage_30D / Prophet Ensemble
2026-06-01,486017,Plum Green Tea Oil-Free Moisturizer - Sample,Mumbai,21.0,17.2,24.8,21,0.0,0.0,High Precision (WAPE <= 10%),MovingAverage_30D / Prophet Ensemble
2026-06-01,486017,Plum Green Tea Oil-Free Moisturizer - Sample,Delhi,19.0,15.6,22.4,18,1.0,5.3,High Precision (WAPE <= 10%),MovingAverage_30D / Prophet Ensemble
2026-06-01,486124,Kari kari Salt and Pepper Snack Sample,Bengaluru,35.0,28.7,41.3,36,1.0,2.9,High Precision (WAPE <= 10%),MovingAverage_30D / Prophet Ensemble
2026-06-01,486124,Kari kari Salt and Pepper Snack Sample,Mumbai,32.0,26.2,37.8,33,1.0,3.1,High Precision (WAPE <= 10%),MovingAverage_30D / Prophet Ensemble
2026-06-01,486124,Kari kari Salt and Pepper Snack Sample,Delhi,30.0,24.6,35.4,33,3.0,10.0,High Precision (WAPE <= 10%),MovingAverage_30D / Prophet Ensemble
2026-06-01,486125,Maggi Liquid Coconut Milk Sample,Bengaluru,28.0,23.0,33.0,28,0.0,0.0,High Precision (WAPE <= 10%),MovingAverage_30D / Prophet Ensemble
2026-06-01,486125,Maggi Liquid Coconut Milk Sample,Mumbai,26.0,21.3,30.7,23,3.0,11.5,Solid Performance (WAPE <= 15%),MovingAverage_30D / Prophet Ensemble
2026-06-01,486125,Maggi Liquid Coconut Milk Sample,Delhi,24.0,19.7,28.3,25,1.0,4.2,High Precision (WAPE <= 10%),MovingAverage_30D / Prophet Ensemble
2026-06-02,476763,Christmas - Card,Bengaluru,18.0,14.8,21.2,17,1.0,5.6,High Precision (WAPE <= 10%),MovingAverage_30D / Prophet Ensemble
2026-06-02,476763,Christmas - Card,Mumbai,15.0,12.3,17.7,15,0.0,0.0,High Precision (WAPE <= 10%),MovingAverage_30D / Prophet Ensemble
2026-06-02,476763,Christmas - Card,Delhi,12.0,9.8,14.2,12,0.0,0.0,High Precision (WAPE <= 10%),MovingAverage_30D / Prophet Ensemble
2026-06-02,483436,Plum BodyLovin' Hawaiian Rumba Shower Gel - Sample,Bengaluru,25.0,20.5,29.5,27,2.0,8.0,High Precision (WAPE <= 10%),MovingAverage_30D / Prophet Ensemble
2026-06-02,483436,Plum BodyLovin' Hawaiian Rumba Shower Gel - Sample,Mumbai,22.0,18.0,26.0,20,2.0,9.1,High Precision (WAPE <= 10%),MovingAverage_30D / Prophet Ensemble
2026-06-02,483436,Plum BodyLovin' Hawaiian Rumba Shower Gel - Sample,Delhi,20.0,16.4,23.6,18,2.0,10.0,High Precision (WAPE <= 10%),MovingAverage_30D / Prophet Ensemble
2026-06-02,476825,Diwali Gift Card Free - Sample,Bengaluru,14.0,11.5,16.5,15,1.0,7.1,High Precision (WAPE <= 10%),MovingAverage_30D / Prophet Ensemble
2026-06-02,476825,Diwali Gift Card Free - Sample,Mumbai,12.0,9.8,14.2,11,1.0,8.3,High Precision (WAPE <= 10%),MovingAverage_30D / Prophet Ensemble
2026-06-02,476825,Diwali Gift Card Free - Sample,Delhi,10.0,8.2,11.8,10,0.0,0.0,High Precision (WAPE <= 10%),MovingAverage_30D / Prophet Ensemble
2026-06-02,483438,Plum BodyLovin' Trippin' Mimosas Shower Gel - Sample,Bengaluru,20.0,16.4,23.6,19,1.0,5.0,High Precision (WAPE <= 10%),MovingAverage_30D / Prophet Ensemble
2026-06-02,483438,Plum BodyLovin' Trippin' Mimosas Shower Gel - Sample,Mumbai,18.0,14.8,21.2,18,0.0,0.0,High Precision (WAPE <= 10%),MovingAverage_30D / Prophet Ensemble
2026-06-02,483438,Plum BodyLovin' Trippin' Mimosas Shower Gel - Sample,Delhi,15.0,12.3,17.7,15,0.0,0.0,High Precision (WAPE <= 10%),MovingAverage_30D / Prophet Ensemble
2026-06-02,480473,Flipkart Valentine Day Greeting - Card,Bengaluru,10.0,8.2,11.8,10,0.0,0.0,High Precision (WAPE <= 10%),MovingAverage_30D / Prophet Ensemble
2026-06-02,480473,Flipkart Valentine Day Greeting - Card,Mumbai,9.0,7.4,10.6,8,1.0,11.1,Solid Performance (WAPE <= 15%),MovingAverage_30D / Prophet Ensemble
2026-06-02,480473,Flipkart Valentine Day Greeting - Card,Delhi,8.0,6.6,9.4,7,1.0,12.5,Solid Performance (WAPE <= 15%),MovingAverage_30D / Prophet Ensemble
2026-06-02,483694,Dabur Vita Chocolate Health Drink - Sample,Bengaluru,30.0,24.6,35.4,31,1.0,3.3,High Precision (WAPE <= 10%),MovingAverage_30D / Prophet Ensemble
2026-06-02,483694,Dabur Vita Chocolate Health Drink - Sample,Mumbai,28.0,23.0,33.0,26,2.0,7.1,High Precision (WAPE <= 10%),MovingAverage_30D / Prophet Ensemble
2026-06-02,483694,Dabur Vita Chocolate Health Drink - Sample,Delhi,25.0,20.5,29.5,25,0.0,0.0,High Precision (WAPE <= 10%),MovingAverage_30D / Prophet Ensemble
2026-06-02,486016,Plum Green Tea Pore Cleansing Face Wash - Sample,Bengaluru,22.0,18.0,26.0,23,1.0,4.5,High Precision (WAPE <= 10%),MovingAverage_30D / Prophet Ensemble
2026-06-02,486016,Plum Green Tea Pore Cleansing Face Wash - Sample,Mumbai,20.0,16.4,23.6,17,3.0,15.0,Solid Performance (WAPE <= 15%),MovingAverage_30D / Prophet Ensemble
2026-06-02,486016,Plum Green Tea Pore Cleansing Face Wash - Sample,Delhi,18.0,14.8,21.2,19,1.0,5.6,High Precision (WAPE <= 10%),MovingAverage_30D / Prophet Ensemble
2026-06-02,486017,Plum Green Tea Oil-Free Moisturizer - Sample,Bengaluru,24.0,19.7,28.3,23,1.0,4.2,High Precision (WAPE <= 10%),MovingAverage_30D / Prophet Ensemble
2026-06-02,486017,Plum Green Tea Oil-Free Moisturizer - Sample,Mumbai,21.0,17.2,24.8,21,0.0,0.0,High Precision (WAPE <= 10%),MovingAverage_30D / Prophet Ensemble
2026-06-02,486017,Plum Green Tea Oil-Free Moisturizer - Sample,Delhi,19.0,15.6,22.4,17,2.0,10.5,Solid Performance (WAPE <= 15%),MovingAverage_30D / Prophet Ensemble
2026-06-02,486124,Kari kari Salt and Pepper Snack Sample,Bengaluru,35.0,28.7,41.3,39,4.0,11.4,Solid Performance (WAPE <= 15%),MovingAverage_30D / Prophet Ensemble
2026-06-02,486124,Kari kari Salt and Pepper Snack Sample,Mumbai,32.0,26.2,37.8,32,0.0,0.0,High Precision (WAPE <= 10%),MovingAverage_30D / Prophet Ensemble
2026-06-02,486124,Kari kari Salt and Pepper Snack Sample,Delhi,30.0,24.6,35.4,26,4.0,13.3,Solid Performance (WAPE <= 15%),MovingAverage_30D / Prophet Ensemble
2026-06-02,486125,Maggi Liquid Coconut Milk Sample,Bengaluru,28.0,23.0,33.0,29,1.0,3.6,High Precision (WAPE <= 10%),MovingAverage_30D / Prophet Ensemble
2026-06-02,486125,Maggi Liquid Coconut Milk Sample,Mumbai,26.0,21.3,30.7,29,3.0,11.5,Solid Performance (WAPE <= 15%),MovingAverage_30D / Prophet Ensemble
2026-06-02,486125,Maggi Liquid Coconut Milk Sample,Delhi,24.0,19.7,28.3,25,1.0,4.2,High Precision (WAPE <= 10%),MovingAverage_30D / Prophet Ensemble
2026-06-03,476763,Christmas - Card,Bengaluru,18.0,14.8,21.2,19,1.0,5.6,High Precision (WAPE <= 10%),MovingAverage_30D / Prophet Ensemble
2026-06-03,476763,Christmas - Card,Mumbai,15.0,12.3,17.7,14,1.0,6.7,High Precision (WAPE <= 10%),MovingAverage_30D / Prophet Ensemble
2026-06-03,476763,Christmas - Card,Delhi,12.0,9.8,14.2,13,1.0,8.3,High Precision (WAPE <= 10%),MovingAverage_30D / Prophet Ensemble
2026-06-03,483436,Plum BodyLovin' Hawaiian Rumba Shower Gel - Sample,Bengaluru,25.0,20.5,29.5,25,0.0,0.0,High Precision (WAPE <= 10%),MovingAverage_30D / Prophet Ensemble
2026-06-03,483436,Plum BodyLovin' Hawaiian Rumba Shower Gel - Sample,Mumbai,22.0,18.0,26.0,24,2.0,9.1,High Precision (WAPE <= 10%),MovingAverage_30D / Prophet Ensemble
2026-06-03,483436,Plum BodyLovin' Hawaiian Rumba Shower Gel - Sample,Delhi,20.0,16.4,23.6,19,1.0,5.0,High Precision (WAPE <= 10%),MovingAverage_30D / Prophet Ensemble
2026-06-03,476825,Diwali Gift Card Free - Sample,Bengaluru,14.0,11.5,16.5,12,2.0,14.3,Solid Performance (WAPE <= 15%),MovingAverage_30D / Prophet Ensemble
2026-06-03,476825,Diwali Gift Card Free - Sample,Mumbai,12.0,9.8,14.2,13,1.0,8.3,High Precision (WAPE <= 10%),MovingAverage_30D / Prophet Ensemble
2026-06-03,476825,Diwali Gift Card Free - Sample,Delhi,10.0,8.2,11.8,11,1.0,10.0,High Precision (WAPE <= 10%),MovingAverage_30D / Prophet Ensemble
2026-06-03,483438,Plum BodyLovin' Trippin' Mimosas Shower Gel - Sample,Bengaluru,20.0,16.4,23.6,22,2.0,10.0,High Precision (WAPE <= 10%),MovingAverage_30D / Prophet Ensemble
2026-06-03,483438,Plum BodyLovin' Trippin' Mimosas Shower Gel - Sample,Mumbai,18.0,14.8,21.2,18,0.0,0.0,High Precision (WAPE <= 10%),MovingAverage_30D / Prophet Ensemble
2026-06-03,483438,Plum BodyLovin' Trippin' Mimosas Shower Gel - Sample,Delhi,15.0,12.3,17.7,14,1.0,6.7,High Precision (WAPE <= 10%),MovingAverage_30D / Prophet Ensemble
2026-06-03,480473,Flipkart Valentine Day Greeting - Card,Bengaluru,10.0,8.2,11.8,10,0.0,0.0,High Precision (WAPE <= 10%),MovingAverage_30D / Prophet Ensemble
2026-06-03,480473,Flipkart Valentine Day Greeting - Card,Mumbai,9.0,7.4,10.6,8,1.0,11.1,Solid Performance (WAPE <= 15%),MovingAverage_30D / Prophet Ensemble
2026-06-03,480473,Flipkart Valentine Day Greeting - Card,Delhi,8.0,6.6,9.4,7,1.0,12.5,Solid Performance (WAPE <= 15%),MovingAverage_30D / Prophet Ensemble
2026-06-03,483694,Dabur Vita Chocolate Health Drink - Sample,Bengaluru,30.0,24.6,35.4,32,2.0,6.7,High Precision (WAPE <= 10%),MovingAverage_30D / Prophet Ensemble
2026-06-03,483694,Dabur Vita Chocolate Health Drink - Sample,Mumbai,28.0,23.0,33.0,29,1.0,3.6,High Precision (WAPE <= 10%),MovingAverage_30D / Prophet Ensemble
2026-06-03,483694,Dabur Vita Chocolate Health Drink - Sample,Delhi,25.0,20.5,29.5,26,1.0,4.0,High Precision (WAPE <= 10%),MovingAverage_30D / Prophet Ensemble
2026-06-03,486016,Plum Green Tea Pore Cleansing Face Wash - Sample,Bengaluru,22.0,18.0,26.0,21,1.0,4.5,High Precision (WAPE <= 10%),MovingAverage_30D / Prophet Ensemble
2026-06-03,486016,Plum Green Tea Pore Cleansing Face Wash - Sample,Mumbai,20.0,16.4,23.6,20,0.0,0.0,High Precision (WAPE <= 10%),MovingAverage_30D / Prophet Ensemble
2026-06-03,486016,Plum Green Tea Pore Cleansing Face Wash - Sample,Delhi,18.0,14.8,21.2,17,1.0,5.6,High Precision (WAPE <= 10%),MovingAverage_30D / Prophet Ensemble
2026-06-03,486017,Plum Green Tea Oil-Free Moisturizer - Sample,Bengaluru,24.0,19.7,28.3,26,2.0,8.3,High Precision (WAPE <= 10%),MovingAverage_30D / Prophet Ensemble
2026-06-03,486017,Plum Green Tea Oil-Free Moisturizer - Sample,Mumbai,21.0,17.2,24.8,19,2.0,9.5,High Precision (WAPE <= 10%),MovingAverage_30D / Prophet Ensemble
2026-06-03,486017,Plum Green Tea Oil-Free Moisturizer - Sample,Delhi,19.0,15.6,22.4,20,1.0,5.3,High Precision (WAPE <= 10%),MovingAverage_30D / Prophet Ensemble
2026-06-03,486124,Kari kari Salt and Pepper Snack Sample,Bengaluru,35.0,28.7,41.3,35,0.0,0.0,High Precision (WAPE <= 10%),MovingAverage_30D / Prophet Ensemble
2026-06-03,486124,Kari kari Salt and Pepper Snack Sample,Mumbai,32.0,26.2,37.8,28,4.0,12.5,Solid Performance (WAPE <= 15%),MovingAverage_30D / Prophet Ensemble
2026-06-03,486124,Kari kari Salt and Pepper Snack Sample,Delhi,30.0,24.6,35.4,28,2.0,6.7,High Precision (WAPE <= 10%),MovingAverage_30D / Prophet Ensemble
2026-06-03,486125,Maggi Liquid Coconut Milk Sample,Bengaluru,28.0,23.0,33.0,31,3.0,10.7,Solid Performance (WAPE <= 15%),MovingAverage_30D / Prophet Ensemble
2026-06-03,486125,Maggi Liquid Coconut Milk Sample,Mumbai,26.0,21.3,30.7,25,1.0,3.8,High Precision (WAPE <= 10%),MovingAverage_30D / Prophet Ensemble
2026-06-03,486125,Maggi Liquid Coconut Milk Sample,Delhi,24.0,19.7,28.3,26,2.0,8.3,High Precision (WAPE <= 10%),MovingAverage_30D / Prophet Ensemble
2026-06-04,476763,Christmas - Card,Bengaluru,18.0,14.8,21.2,18,0.0,0.0,High Precision (WAPE <= 10%),MovingAverage_30D / Prophet Ensemble
2026-06-04,476763,Christmas - Card,Mumbai,15.0,12.3,17.7,16,1.0,6.7,High Precision (WAPE <= 10%),MovingAverage_30D / Prophet Ensemble
2026-06-04,476763,Christmas - Card,Delhi,12.0,9.8,14.2,12,0.0,0.0,High Precision (WAPE <= 10%),MovingAverage_30D / Prophet Ensemble
2026-06-04,483436,Plum BodyLovin' Hawaiian Rumba Shower Gel - Sample,Bengaluru,25.0,20.5,29.5,25,0.0,0.0,High Precision (WAPE <= 10%),MovingAverage_30D / Prophet Ensemble
2026-06-04,483436,Plum BodyLovin' Hawaiian Rumba Shower Gel - Sample,Mumbai,22.0,18.0,26.0,22,0.0,0.0,High Precision (WAPE <= 10%),MovingAverage_30D / Prophet Ensemble
2026-06-04,483436,Plum BodyLovin' Hawaiian Rumba Shower Gel - Sample,Delhi,20.0,16.4,23.6,20,0.0,0.0,High Precision (WAPE <= 10%),MovingAverage_30D / Prophet Ensemble
2026-06-04,476825,Diwali Gift Card Free - Sample,Bengaluru,14.0,11.5,16.5,15,1.0,7.1,High Precision (WAPE <= 10%),MovingAverage_30D / Prophet Ensemble
2026-06-04,476825,Diwali Gift Card Free - Sample,Mumbai,12.0,9.8,14.2,11,1.0,8.3,High Precision (WAPE <= 10%),MovingAverage_30D / Prophet Ensemble
2026-06-04,476825,Diwali Gift Card Free - Sample,Delhi,10.0,8.2,11.8,10,0.0,0.0,High Precision (WAPE <= 10%),MovingAverage_30D / Prophet Ensemble
2026-06-04,483438,Plum BodyLovin' Trippin' Mimosas Shower Gel - Sample,Bengaluru,20.0,16.4,23.6,19,1.0,5.0,High Precision (WAPE <= 10%),MovingAverage_30D / Prophet Ensemble
2026-06-04,483438,Plum BodyLovin' Trippin' Mimosas Shower Gel - Sample,Mumbai,18.0,14.8,21.2,18,0.0,0.0,High Precision (WAPE <= 10%),MovingAverage_30D / Prophet Ensemble
2026-06-04,483438,Plum BodyLovin' Trippin' Mimosas Shower Gel - Sample,Delhi,15.0,12.3,17.7,14,1.0,6.7,High Precision (WAPE <= 10%),MovingAverage_30D / Prophet Ensemble
2026-06-04,480473,Flipkart Valentine Day Greeting - Card,Bengaluru,10.0,8.2,11.8,10,0.0,0.0,High Precision (WAPE <= 10%),MovingAverage_30D / Prophet Ensemble
2026-06-04,480473,Flipkart Valentine Day Greeting - Card,Mumbai,9.0,7.4,10.6,10,1.0,11.1,Solid Performance (WAPE <= 15%),MovingAverage_30D / Prophet Ensemble
2026-06-04,480473,Flipkart Valentine Day Greeting - Card,Delhi,8.0,6.6,9.4,8,0.0,0.0,High Precision (WAPE <= 10%),MovingAverage_30D / Prophet Ensemble
2026-06-04,483694,Dabur Vita Chocolate Health Drink - Sample,Bengaluru,30.0,24.6,35.4,29,1.0,3.3,High Precision (WAPE <= 10%),MovingAverage_30D / Prophet Ensemble
2026-06-04,483694,Dabur Vita Chocolate Health Drink - Sample,Mumbai,28.0,23.0,33.0,28,0.0,0.0,High Precision (WAPE <= 10%),MovingAverage_30D / Prophet Ensemble
2026-06-04,483694,Dabur Vita Chocolate Health Drink - Sample,Delhi,25.0,20.5,29.5,24,1.0,4.0,High Precision (WAPE <= 10%),MovingAverage_30D / Prophet Ensemble
2026-06-04,486016,Plum Green Tea Pore Cleansing Face Wash - Sample,Bengaluru,22.0,18.0,26.0,20,2.0,9.1,High Precision (WAPE <= 10%),MovingAverage_30D / Prophet Ensemble
2026-06-04,486016,Plum Green Tea Pore Cleansing Face Wash - Sample,Mumbai,20.0,16.4,23.6,18,2.0,10.0,High Precision (WAPE <= 10%),MovingAverage_30D / Prophet Ensemble
2026-06-04,486016,Plum Green Tea Pore Cleansing Face Wash - Sample,Delhi,18.0,14.8,21.2,18,0.0,0.0,High Precision (WAPE <= 10%),MovingAverage_30D / Prophet Ensemble
2026-06-04,486017,Plum Green Tea Oil-Free Moisturizer - Sample,Bengaluru,24.0,19.7,28.3,25,1.0,4.2,High Precision (WAPE <= 10%),MovingAverage_30D / Prophet Ensemble
2026-06-04,486017,Plum Green Tea Oil-Free Moisturizer - Sample,Mumbai,21.0,17.2,24.8,22,1.0,4.8,High Precision (WAPE <= 10%),MovingAverage_30D / Prophet Ensemble
2026-06-04,486017,Plum Green Tea Oil-Free Moisturizer - Sample,Delhi,19.0,15.6,22.4,18,1.0,5.3,High Precision (WAPE <= 10%),MovingAverage_30D / Prophet Ensemble
2026-06-04,486124,Kari kari Salt and Pepper Snack Sample,Bengaluru,35.0,28.7,41.3,35,0.0,0.0,High Precision (WAPE <= 10%),MovingAverage_30D / Prophet Ensemble
2026-06-04,486124,Kari kari Salt and Pepper Snack Sample,Mumbai,32.0,26.2,37.8,32,0.0,0.0,High Precision (WAPE <= 10%),MovingAverage_30D / Prophet Ensemble
2026-06-04,486124,Kari kari Salt and Pepper Snack Sample,Delhi,30.0,24.6,35.4,28,2.0,6.7,High Precision (WAPE <= 10%),MovingAverage_30D / Prophet Ensemble
2026-06-04,486125,Maggi Liquid Coconut Milk Sample,Bengaluru,28.0,23.0,33.0,30,2.0,7.1,High Precision (WAPE <= 10%),MovingAverage_30D / Prophet Ensemble
2026-06-04,486125,Maggi Liquid Coconut Milk Sample,Mumbai,26.0,21.3,30.7,28,2.0,7.7,High Precision (WAPE <= 10%),MovingAverage_30D / Prophet Ensemble
2026-06-04,486125,Maggi Liquid Coconut Milk Sample,Delhi,24.0,19.7,28.3,23,1.0,4.2,High Precision (WAPE <= 10%),MovingAverage_30D / Prophet Ensemble
2026-06-05,476763,Christmas - Card,Bengaluru,18.0,14.8,21.2,15,3.0,16.7,Solid Performance (WAPE <= 15%),MovingAverage_30D / Prophet Ensemble
2026-06-05,476763,Christmas - Card,Mumbai,15.0,12.3,17.7,15,0.0,0.0,High Precision (WAPE <= 10%),MovingAverage_30D / Prophet Ensemble
2026-06-05,476763,Christmas - Card,Delhi,12.0,9.8,14.2,13,1.0,8.3,High Precision (WAPE <= 10%),MovingAverage_30D / Prophet Ensemble
2026-06-05,483436,Plum BodyLovin' Hawaiian Rumba Shower Gel - Sample,Bengaluru,25.0,20.5,29.5,25,0.0,0.0,High Precision (WAPE <= 10%),MovingAverage_30D / Prophet Ensemble
2026-06-05,483436,Plum BodyLovin' Hawaiian Rumba Shower Gel - Sample,Mumbai,22.0,18.0,26.0,20,2.0,9.1,High Precision (WAPE <= 10%),MovingAverage_30D / Prophet Ensemble
2026-06-05,483436,Plum BodyLovin' Hawaiian Rumba Shower Gel - Sample,Delhi,20.0,16.4,23.6,19,1.0,5.0,High Precision (WAPE <= 10%),MovingAverage_30D / Prophet Ensemble
2026-06-05,476825,Diwali Gift Card Free - Sample,Bengaluru,14.0,11.5,16.5,13,1.0,7.1,High Precision (WAPE <= 10%),MovingAverage_30D / Prophet Ensemble
2026-06-05,476825,Diwali Gift Card Free - Sample,Mumbai,12.0,9.8,14.2,12,0.0,0.0,High Precision (WAPE <= 10%),MovingAverage_30D / Prophet Ensemble
2026-06-05,476825,Diwali Gift Card Free - Sample,Delhi,10.0,8.2,11.8,11,1.0,10.0,High Precision (WAPE <= 10%),MovingAverage_30D / Prophet Ensemble
2026-06-05,483438,Plum BodyLovin' Trippin' Mimosas Shower Gel - Sample,Bengaluru,20.0,16.4,23.6,19,1.0,5.0,High Precision (WAPE <= 10%),MovingAverage_30D / Prophet Ensemble
2026-06-05,483438,Plum BodyLovin' Trippin' Mimosas Shower Gel - Sample,Mumbai,18.0,14.8,21.2,19,1.0,5.6,High Precision (WAPE <= 10%),MovingAverage_30D / Prophet Ensemble
2026-06-05,483438,Plum BodyLovin' Trippin' Mimosas Shower Gel - Sample,Delhi,15.0,12.3,17.7,14,1.0,6.7,High Precision (WAPE <= 10%),MovingAverage_30D / Prophet Ensemble
2026-06-05,480473,Flipkart Valentine Day Greeting - Card,Bengaluru,10.0,8.2,11.8,9,1.0,10.0,High Precision (WAPE <= 10%),MovingAverage_30D / Prophet Ensemble
2026-06-05,480473,Flipkart Valentine Day Greeting - Card,Mumbai,9.0,7.4,10.6,9,0.0,0.0,High Precision (WAPE <= 10%),MovingAverage_30D / Prophet Ensemble
2026-06-05,480473,Flipkart Valentine Day Greeting - Card,Delhi,8.0,6.6,9.4,8,0.0,0.0,High Precision (WAPE <= 10%),MovingAverage_30D / Prophet Ensemble
2026-06-05,483694,Dabur Vita Chocolate Health Drink - Sample,Bengaluru,30.0,24.6,35.4,29,1.0,3.3,High Precision (WAPE <= 10%),MovingAverage_30D / Prophet Ensemble
2026-06-05,483694,Dabur Vita Chocolate Health Drink - Sample,Mumbai,28.0,23.0,33.0,28,0.0,0.0,High Precision (WAPE <= 10%),MovingAverage_30D / Prophet Ensemble
2026-06-05,483694,Dabur Vita Chocolate Health Drink - Sample,Delhi,25.0,20.5,29.5,26,1.0,4.0,High Precision (WAPE <= 10%),MovingAverage_30D / Prophet Ensemble
2026-06-05,486016,Plum Green Tea Pore Cleansing Face Wash - Sample,Bengaluru,22.0,18.0,26.0,23,1.0,4.5,High Precision (WAPE <= 10%),MovingAverage_30D / Prophet Ensemble
2026-06-05,486016,Plum Green Tea Pore Cleansing Face Wash - Sample,Mumbai,20.0,16.4,23.6,22,2.0,10.0,High Precision (WAPE <= 10%),MovingAverage_30D / Prophet Ensemble
2026-06-05,486016,Plum Green Tea Pore Cleansing Face Wash - Sample,Delhi,18.0,14.8,21.2,18,0.0,0.0,High Precision (WAPE <= 10%),MovingAverage_30D / Prophet Ensemble
2026-06-05,486017,Plum Green Tea Oil-Free Moisturizer - Sample,Bengaluru,24.0,19.7,28.3,23,1.0,4.2,High Precision (WAPE <= 10%),MovingAverage_30D / Prophet Ensemble
2026-06-05,486017,Plum Green Tea Oil-Free Moisturizer - Sample,Mumbai,21.0,17.2,24.8,22,1.0,4.8,High Precision (WAPE <= 10%),MovingAverage_30D / Prophet Ensemble
2026-06-05,486017,Plum Green Tea Oil-Free Moisturizer - Sample,Delhi,19.0,15.6,22.4,20,1.0,5.3,High Precision (WAPE <= 10%),MovingAverage_30D / Prophet Ensemble
2026-06-05,486124,Kari kari Salt and Pepper Snack Sample,Bengaluru,35.0,28.7,41.3,32,3.0,8.6,High Precision (WAPE <= 10%),MovingAverage_30D / Prophet Ensemble
2026-06-05,486124,Kari kari Salt and Pepper Snack Sample,Mumbai,32.0,26.2,37.8,31,1.0,3.1,High Precision (WAPE <= 10%),MovingAverage_30D / Prophet Ensemble
2026-06-05,486124,Kari kari Salt and Pepper Snack Sample,Delhi,30.0,24.6,35.4,33,3.0,10.0,High Precision (WAPE <= 10%),MovingAverage_30D / Prophet Ensemble
2026-06-05,486125,Maggi Liquid Coconut Milk Sample,Bengaluru,28.0,23.0,33.0,28,0.0,0.0,High Precision (WAPE <= 10%),MovingAverage_30D / Prophet Ensemble
2026-06-05,486125,Maggi Liquid Coconut Milk Sample,Mumbai,26.0,21.3,30.7,27,1.0,3.8,High Precision (WAPE <= 10%),MovingAverage_30D / Prophet Ensemble
2026-06-05,486125,Maggi Liquid Coconut Milk Sample,Delhi,24.0,19.7,28.3,21,3.0,12.5,Solid Performance (WAPE <= 15%),MovingAverage_30D / Prophet Ensemble
2026-06-06,476763,Christmas - Card,Bengaluru,22.5,18.4,26.5,25,2.5,11.1,Solid Performance (WAPE <= 15%),MovingAverage_30D / Prophet Ensemble
2026-06-06,476763,Christmas - Card,Mumbai,18.8,15.4,22.2,18,0.8,4.3,High Precision (WAPE <= 10%),MovingAverage_30D / Prophet Ensemble
2026-06-06,476763,Christmas - Card,Delhi,15.0,12.3,17.7,15,0.0,0.0,High Precision (WAPE <= 10%),MovingAverage_30D / Prophet Ensemble
2026-06-06,483436,Plum BodyLovin' Hawaiian Rumba Shower Gel - Sample,Bengaluru,31.2,25.6,36.8,32,0.8,2.6,High Precision (WAPE <= 10%),MovingAverage_30D / Prophet Ensemble
2026-06-06,483436,Plum BodyLovin' Hawaiian Rumba Shower Gel - Sample,Mumbai,27.5,22.5,32.4,24,3.5,12.7,Solid Performance (WAPE <= 15%),MovingAverage_30D / Prophet Ensemble
2026-06-06,483436,Plum BodyLovin' Hawaiian Rumba Shower Gel - Sample,Delhi,25.0,20.5,29.5,22,3.0,12.0,Solid Performance (WAPE <= 15%),MovingAverage_30D / Prophet Ensemble
2026-06-06,476825,Diwali Gift Card Free - Sample,Bengaluru,17.5,14.3,20.6,17,0.5,2.9,High Precision (WAPE <= 10%),MovingAverage_30D / Prophet Ensemble
2026-06-06,476825,Diwali Gift Card Free - Sample,Mumbai,15.0,12.3,17.7,15,0.0,0.0,High Precision (WAPE <= 10%),MovingAverage_30D / Prophet Ensemble
2026-06-06,476825,Diwali Gift Card Free - Sample,Delhi,12.5,10.2,14.8,14,1.5,12.0,Solid Performance (WAPE <= 15%),MovingAverage_30D / Prophet Ensemble
2026-06-06,483438,Plum BodyLovin' Trippin' Mimosas Shower Gel - Sample,Bengaluru,25.0,20.5,29.5,24,1.0,4.0,High Precision (WAPE <= 10%),MovingAverage_30D / Prophet Ensemble
2026-06-06,483438,Plum BodyLovin' Trippin' Mimosas Shower Gel - Sample,Mumbai,22.5,18.4,26.5,22,0.5,2.2,High Precision (WAPE <= 10%),MovingAverage_30D / Prophet Ensemble
2026-06-06,483438,Plum BodyLovin' Trippin' Mimosas Shower Gel - Sample,Delhi,18.8,15.4,22.2,19,0.2,1.1,High Precision (WAPE <= 10%),MovingAverage_30D / Prophet Ensemble
2026-06-06,480473,Flipkart Valentine Day Greeting - Card,Bengaluru,12.5,10.2,14.8,13,0.5,4.0,High Precision (WAPE <= 10%),MovingAverage_30D / Prophet Ensemble
2026-06-06,480473,Flipkart Valentine Day Greeting - Card,Mumbai,11.2,9.2,13.2,10,1.2,10.7,Solid Performance (WAPE <= 15%),MovingAverage_30D / Prophet Ensemble
2026-06-06,480473,Flipkart Valentine Day Greeting - Card,Delhi,10.0,8.2,11.8,9,1.0,10.0,High Precision (WAPE <= 10%),MovingAverage_30D / Prophet Ensemble
2026-06-06,483694,Dabur Vita Chocolate Health Drink - Sample,Bengaluru,37.5,30.7,44.2,37,0.5,1.3,High Precision (WAPE <= 10%),MovingAverage_30D / Prophet Ensemble
2026-06-06,483694,Dabur Vita Chocolate Health Drink - Sample,Mumbai,35.0,28.7,41.3,35,0.0,0.0,High Precision (WAPE <= 10%),MovingAverage_30D / Prophet Ensemble
2026-06-06,483694,Dabur Vita Chocolate Health Drink - Sample,Delhi,31.2,25.6,36.8,30,1.2,3.8,High Precision (WAPE <= 10%),MovingAverage_30D / Prophet Ensemble
2026-06-06,486016,Plum Green Tea Pore Cleansing Face Wash - Sample,Bengaluru,27.5,22.5,32.4,31,3.5,12.7,Solid Performance (WAPE <= 15%),MovingAverage_30D / Prophet Ensemble
2026-06-06,486016,Plum Green Tea Pore Cleansing Face Wash - Sample,Mumbai,25.0,20.5,29.5,24,1.0,4.0,High Precision (WAPE <= 10%),MovingAverage_30D / Prophet Ensemble
2026-06-06,486016,Plum Green Tea Pore Cleansing Face Wash - Sample,Delhi,22.5,18.4,26.5,23,0.5,2.2,High Precision (WAPE <= 10%),MovingAverage_30D / Prophet Ensemble
2026-06-06,486017,Plum Green Tea Oil-Free Moisturizer - Sample,Bengaluru,30.0,24.6,35.4,33,3.0,10.0,High Precision (WAPE <= 10%),MovingAverage_30D / Prophet Ensemble
2026-06-06,486017,Plum Green Tea Oil-Free Moisturizer - Sample,Mumbai,26.2,21.5,30.9,28,1.8,6.9,High Precision (WAPE <= 10%),MovingAverage_30D / Prophet Ensemble
2026-06-06,486017,Plum Green Tea Oil-Free Moisturizer - Sample,Delhi,23.8,19.5,28.1,28,4.2,17.6,Solid Performance (WAPE <= 15%),MovingAverage_30D / Prophet Ensemble
2026-06-06,486124,Kari kari Salt and Pepper Snack Sample,Bengaluru,43.8,35.9,51.7,44,0.2,0.5,High Precision (WAPE <= 10%),MovingAverage_30D / Prophet Ensemble
2026-06-06,486124,Kari kari Salt and Pepper Snack Sample,Mumbai,40.0,32.8,47.2,42,2.0,5.0,High Precision (WAPE <= 10%),MovingAverage_30D / Prophet Ensemble
2026-06-06,486124,Kari kari Salt and Pepper Snack Sample,Delhi,37.5,30.7,44.2,37,0.5,1.3,High Precision (WAPE <= 10%),MovingAverage_30D / Prophet Ensemble
2026-06-06,486125,Maggi Liquid Coconut Milk Sample,Bengaluru,35.0,28.7,41.3,31,4.0,11.4,Solid Performance (WAPE <= 15%),MovingAverage_30D / Prophet Ensemble
2026-06-06,486125,Maggi Liquid Coconut Milk Sample,Mumbai,32.5,26.6,38.4,37,4.5,13.8,Solid Performance (WAPE <= 15%),MovingAverage_30D / Prophet Ensemble
2026-06-06,486125,Maggi Liquid Coconut Milk Sample,Delhi,30.0,24.6,35.4,28,2.0,6.7,High Precision (WAPE <= 10%),MovingAverage_30D / Prophet Ensemble
2026-06-07,476763,Christmas - Card,Bengaluru,22.5,18.4,26.5,23,0.5,2.2,High Precision (WAPE <= 10%),MovingAverage_30D / Prophet Ensemble
2026-06-07,476763,Christmas - Card,Mumbai,18.8,15.4,22.2,20,1.2,6.4,High Precision (WAPE <= 10%),MovingAverage_30D / Prophet Ensemble
2026-06-07,476763,Christmas - Card,Delhi,15.0,12.3,17.7,15,0.0,0.0,High Precision (WAPE <= 10%),MovingAverage_30D / Prophet Ensemble
2026-06-07,483436,Plum BodyLovin' Hawaiian Rumba Shower Gel - Sample,Bengaluru,31.2,25.6,36.8,33,1.8,5.8,High Precision (WAPE <= 10%),MovingAverage_30D / Prophet Ensemble
2026-06-07,483436,Plum BodyLovin' Hawaiian Rumba Shower Gel - Sample,Mumbai,27.5,22.5,32.4,28,0.5,1.8,High Precision (WAPE <= 10%),MovingAverage_30D / Prophet Ensemble
2026-06-07,483436,Plum BodyLovin' Hawaiian Rumba Shower Gel - Sample,Delhi,25.0,20.5,29.5,23,2.0,8.0,High Precision (WAPE <= 10%),MovingAverage_30D / Prophet Ensemble
2026-06-07,476825,Diwali Gift Card Free - Sample,Bengaluru,17.5,14.3,20.6,20,2.5,14.3,Solid Performance (WAPE <= 15%),MovingAverage_30D / Prophet Ensemble
2026-06-07,476825,Diwali Gift Card Free - Sample,Mumbai,15.0,12.3,17.7,16,1.0,6.7,High Precision (WAPE <= 10%),MovingAverage_30D / Prophet Ensemble
2026-06-07,476825,Diwali Gift Card Free - Sample,Delhi,12.5,10.2,14.8,14,1.5,12.0,Solid Performance (WAPE <= 15%),MovingAverage_30D / Prophet Ensemble
2026-06-07,483438,Plum BodyLovin' Trippin' Mimosas Shower Gel - Sample,Bengaluru,25.0,20.5,29.5,26,1.0,4.0,High Precision (WAPE <= 10%),MovingAverage_30D / Prophet Ensemble
2026-06-07,483438,Plum BodyLovin' Trippin' Mimosas Shower Gel - Sample,Mumbai,22.5,18.4,26.5,24,1.5,6.7,High Precision (WAPE <= 10%),MovingAverage_30D / Prophet Ensemble
2026-06-07,483438,Plum BodyLovin' Trippin' Mimosas Shower Gel - Sample,Delhi,18.8,15.4,22.2,19,0.2,1.1,High Precision (WAPE <= 10%),MovingAverage_30D / Prophet Ensemble
2026-06-07,480473,Flipkart Valentine Day Greeting - Card,Bengaluru,12.5,10.2,14.8,12,0.5,4.0,High Precision (WAPE <= 10%),MovingAverage_30D / Prophet Ensemble
2026-06-07,480473,Flipkart Valentine Day Greeting - Card,Mumbai,11.2,9.2,13.2,12,0.8,7.1,High Precision (WAPE <= 10%),MovingAverage_30D / Prophet Ensemble
2026-06-07,480473,Flipkart Valentine Day Greeting - Card,Delhi,10.0,8.2,11.8,11,1.0,10.0,High Precision (WAPE <= 10%),MovingAverage_30D / Prophet Ensemble
2026-06-07,483694,Dabur Vita Chocolate Health Drink - Sample,Bengaluru,37.5,30.7,44.2,40,2.5,6.7,High Precision (WAPE <= 10%),MovingAverage_30D / Prophet Ensemble
2026-06-07,483694,Dabur Vita Chocolate Health Drink - Sample,Mumbai,35.0,28.7,41.3,33,2.0,5.7,High Precision (WAPE <= 10%),MovingAverage_30D / Prophet Ensemble
2026-06-07,483694,Dabur Vita Chocolate Health Drink - Sample,Delhi,31.2,25.6,36.8,30,1.2,3.8,High Precision (WAPE <= 10%),MovingAverage_30D / Prophet Ensemble
2026-06-07,486016,Plum Green Tea Pore Cleansing Face Wash - Sample,Bengaluru,27.5,22.5,32.4,30,2.5,9.1,High Precision (WAPE <= 10%),MovingAverage_30D / Prophet Ensemble
2026-06-07,486016,Plum Green Tea Pore Cleansing Face Wash - Sample,Mumbai,25.0,20.5,29.5,25,0.0,0.0,High Precision (WAPE <= 10%),MovingAverage_30D / Prophet Ensemble
2026-06-07,486016,Plum Green Tea Pore Cleansing Face Wash - Sample,Delhi,22.5,18.4,26.5,25,2.5,11.1,Solid Performance (WAPE <= 15%),MovingAverage_30D / Prophet Ensemble
2026-06-07,486017,Plum Green Tea Oil-Free Moisturizer - Sample,Bengaluru,30.0,24.6,35.4,28,2.0,6.7,High Precision (WAPE <= 10%),MovingAverage_30D / Prophet Ensemble
2026-06-07,486017,Plum Green Tea Oil-Free Moisturizer - Sample,Mumbai,26.2,21.5,30.9,24,2.2,8.4,High Precision (WAPE <= 10%),MovingAverage_30D / Prophet Ensemble
2026-06-07,486017,Plum Green Tea Oil-Free Moisturizer - Sample,Delhi,23.8,19.5,28.1,25,1.2,5.0,High Precision (WAPE <= 10%),MovingAverage_30D / Prophet Ensemble
2026-06-07,486124,Kari kari Salt and Pepper Snack Sample,Bengaluru,43.8,35.9,51.7,40,3.8,8.7,High Precision (WAPE <= 10%),MovingAverage_30D / Prophet Ensemble
2026-06-07,486124,Kari kari Salt and Pepper Snack Sample,Mumbai,40.0,32.8,47.2,38,2.0,5.0,High Precision (WAPE <= 10%),MovingAverage_30D / Prophet Ensemble
2026-06-07,486124,Kari kari Salt and Pepper Snack Sample,Delhi,37.5,30.7,44.2,38,0.5,1.3,High Precision (WAPE <= 10%),MovingAverage_30D / Prophet Ensemble
2026-06-07,486125,Maggi Liquid Coconut Milk Sample,Bengaluru,35.0,28.7,41.3,27,8.0,22.9,Solid Performance (WAPE <= 15%),MovingAverage_30D / Prophet Ensemble
2026-06-07,486125,Maggi Liquid Coconut Milk Sample,Mumbai,32.5,26.6,38.4,32,0.5,1.5,High Precision (WAPE <= 10%),MovingAverage_30D / Prophet Ensemble
2026-06-07,486125,Maggi Liquid Coconut Milk Sample,Delhi,30.0,24.6,35.4,32,2.0,6.7,High Precision (WAPE <= 10%),MovingAverage_30D / Prophet Ensemble
2026-06-08,476763,Christmas - Card,Bengaluru,18.0,14.8,21.2,18,0.0,0.0,High Precision (WAPE <= 10%),MovingAverage_30D / Prophet Ensemble
2026-06-08,476763,Christmas - Card,Mumbai,15.0,12.3,17.7,16,1.0,6.7,High Precision (WAPE <= 10%),MovingAverage_30D / Prophet Ensemble
2026-06-08,476763,Christmas - Card,Delhi,12.0,9.8,14.2,12,0.0,0.0,High Precision (WAPE <= 10%),MovingAverage_30D / Prophet Ensemble
2026-06-08,483436,Plum BodyLovin' Hawaiian Rumba Shower Gel - Sample,Bengaluru,25.0,20.5,29.5,27,2.0,8.0,High Precision (WAPE <= 10%),MovingAverage_30D / Prophet Ensemble
2026-06-08,483436,Plum BodyLovin' Hawaiian Rumba Shower Gel - Sample,Mumbai,22.0,18.0,26.0,22,0.0,0.0,High Precision (WAPE <= 10%),MovingAverage_30D / Prophet Ensemble
2026-06-08,483436,Plum BodyLovin' Hawaiian Rumba Shower Gel - Sample,Delhi,20.0,16.4,23.6,22,2.0,10.0,High Precision (WAPE <= 10%),MovingAverage_30D / Prophet Ensemble
2026-06-08,476825,Diwali Gift Card Free - Sample,Bengaluru,14.0,11.5,16.5,14,0.0,0.0,High Precision (WAPE <= 10%),MovingAverage_30D / Prophet Ensemble
2026-06-08,476825,Diwali Gift Card Free - Sample,Mumbai,12.0,9.8,14.2,13,1.0,8.3,High Precision (WAPE <= 10%),MovingAverage_30D / Prophet Ensemble
2026-06-08,476825,Diwali Gift Card Free - Sample,Delhi,10.0,8.2,11.8,9,1.0,10.0,High Precision (WAPE <= 10%),MovingAverage_30D / Prophet Ensemble
2026-06-08,483438,Plum BodyLovin' Trippin' Mimosas Shower Gel - Sample,Bengaluru,20.0,16.4,23.6,22,2.0,10.0,High Precision (WAPE <= 10%),MovingAverage_30D / Prophet Ensemble
2026-06-08,483438,Plum BodyLovin' Trippin' Mimosas Shower Gel - Sample,Mumbai,18.0,14.8,21.2,16,2.0,11.1,Solid Performance (WAPE <= 15%),MovingAverage_30D / Prophet Ensemble
2026-06-08,483438,Plum BodyLovin' Trippin' Mimosas Shower Gel - Sample,Delhi,15.0,12.3,17.7,15,0.0,0.0,High Precision (WAPE <= 10%),MovingAverage_30D / Prophet Ensemble
2026-06-08,480473,Flipkart Valentine Day Greeting - Card,Bengaluru,10.0,8.2,11.8,11,1.0,10.0,High Precision (WAPE <= 10%),MovingAverage_30D / Prophet Ensemble
2026-06-08,480473,Flipkart Valentine Day Greeting - Card,Mumbai,9.0,7.4,10.6,10,1.0,11.1,Solid Performance (WAPE <= 15%),MovingAverage_30D / Prophet Ensemble
2026-06-08,480473,Flipkart Valentine Day Greeting - Card,Delhi,8.0,6.6,9.4,8,0.0,0.0,High Precision (WAPE <= 10%),MovingAverage_30D / Prophet Ensemble
2026-06-08,483694,Dabur Vita Chocolate Health Drink - Sample,Bengaluru,30.0,24.6,35.4,30,0.0,0.0,High Precision (WAPE <= 10%),MovingAverage_30D / Prophet Ensemble
2026-06-08,483694,Dabur Vita Chocolate Health Drink - Sample,Mumbai,28.0,23.0,33.0,30,2.0,7.1,High Precision (WAPE <= 10%),MovingAverage_30D / Prophet Ensemble
2026-06-08,483694,Dabur Vita Chocolate Health Drink - Sample,Delhi,25.0,20.5,29.5,24,1.0,4.0,High Precision (WAPE <= 10%),MovingAverage_30D / Prophet Ensemble
2026-06-08,486016,Plum Green Tea Pore Cleansing Face Wash - Sample,Bengaluru,22.0,18.0,26.0,21,1.0,4.5,High Precision (WAPE <= 10%),MovingAverage_30D / Prophet Ensemble
2026-06-08,486016,Plum Green Tea Pore Cleansing Face Wash - Sample,Mumbai,20.0,16.4,23.6,20,0.0,0.0,High Precision (WAPE <= 10%),MovingAverage_30D / Prophet Ensemble
2026-06-08,486016,Plum Green Tea Pore Cleansing Face Wash - Sample,Delhi,18.0,14.8,21.2,18,0.0,0.0,High Precision (WAPE <= 10%),MovingAverage_30D / Prophet Ensemble
2026-06-08,486017,Plum Green Tea Oil-Free Moisturizer - Sample,Bengaluru,24.0,19.7,28.3,21,3.0,12.5,Solid Performance (WAPE <= 15%),MovingAverage_30D / Prophet Ensemble
2026-06-08,486017,Plum Green Tea Oil-Free Moisturizer - Sample,Mumbai,21.0,17.2,24.8,23,2.0,9.5,High Precision (WAPE <= 10%),MovingAverage_30D / Prophet Ensemble
2026-06-08,486017,Plum Green Tea Oil-Free Moisturizer - Sample,Delhi,19.0,15.6,22.4,20,1.0,5.3,High Precision (WAPE <= 10%),MovingAverage_30D / Prophet Ensemble
2026-06-08,486124,Kari kari Salt and Pepper Snack Sample,Bengaluru,35.0,28.7,41.3,33,2.0,5.7,High Precision (WAPE <= 10%),MovingAverage_30D / Prophet Ensemble
2026-06-08,486124,Kari kari Salt and Pepper Snack Sample,Mumbai,32.0,26.2,37.8,35,3.0,9.4,High Precision (WAPE <= 10%),MovingAverage_30D / Prophet Ensemble
2026-06-08,486124,Kari kari Salt and Pepper Snack Sample,Delhi,30.0,24.6,35.4,31,1.0,3.3,High Precision (WAPE <= 10%),MovingAverage_30D / Prophet Ensemble
2026-06-08,486125,Maggi Liquid Coconut Milk Sample,Bengaluru,28.0,23.0,33.0,27,1.0,3.6,High Precision (WAPE <= 10%),MovingAverage_30D / Prophet Ensemble
2026-06-08,486125,Maggi Liquid Coconut Milk Sample,Mumbai,26.0,21.3,30.7,27,1.0,3.8,High Precision (WAPE <= 10%),MovingAverage_30D / Prophet Ensemble
2026-06-08,486125,Maggi Liquid Coconut Milk Sample,Delhi,24.0,19.7,28.3,25,1.0,4.2,High Precision (WAPE <= 10%),MovingAverage_30D / Prophet Ensemble
2026-06-09,476763,Christmas - Card,Bengaluru,18.0,14.8,21.2,18,0.0,0.0,High Precision (WAPE <= 10%),MovingAverage_30D / Prophet Ensemble
2026-06-09,476763,Christmas - Card,Mumbai,15.0,12.3,17.7,16,1.0,6.7,High Precision (WAPE <= 10%),MovingAverage_30D / Prophet Ensemble
2026-06-09,476763,Christmas - Card,Delhi,12.0,9.8,14.2,12,0.0,0.0,High Precision (WAPE <= 10%),MovingAverage_30D / Prophet Ensemble
2026-06-09,483436,Plum BodyLovin' Hawaiian Rumba Shower Gel - Sample,Bengaluru,25.0,20.5,29.5,23,2.0,8.0,High Precision (WAPE <= 10%),MovingAverage_30D / Prophet Ensemble
2026-06-09,483436,Plum BodyLovin' Hawaiian Rumba Shower Gel - Sample,Mumbai,22.0,18.0,26.0,21,1.0,4.5,High Precision (WAPE <= 10%),MovingAverage_30D / Prophet Ensemble
2026-06-09,483436,Plum BodyLovin' Hawaiian Rumba Shower Gel - Sample,Delhi,20.0,16.4,23.6,17,3.0,15.0,Solid Performance (WAPE <= 15%),MovingAverage_30D / Prophet Ensemble
2026-06-09,476825,Diwali Gift Card Free - Sample,Bengaluru,14.0,11.5,16.5,14,0.0,0.0,High Precision (WAPE <= 10%),MovingAverage_30D / Prophet Ensemble
2026-06-09,476825,Diwali Gift Card Free - Sample,Mumbai,12.0,9.8,14.2,13,1.0,8.3,High Precision (WAPE <= 10%),MovingAverage_30D / Prophet Ensemble
2026-06-09,476825,Diwali Gift Card Free - Sample,Delhi,10.0,8.2,11.8,10,0.0,0.0,High Precision (WAPE <= 10%),MovingAverage_30D / Prophet Ensemble
2026-06-09,483438,Plum BodyLovin' Trippin' Mimosas Shower Gel - Sample,Bengaluru,20.0,16.4,23.6,21,1.0,5.0,High Precision (WAPE <= 10%),MovingAverage_30D / Prophet Ensemble
2026-06-09,483438,Plum BodyLovin' Trippin' Mimosas Shower Gel - Sample,Mumbai,18.0,14.8,21.2,17,1.0,5.6,High Precision (WAPE <= 10%),MovingAverage_30D / Prophet Ensemble
2026-06-09,483438,Plum BodyLovin' Trippin' Mimosas Shower Gel - Sample,Delhi,15.0,12.3,17.7,15,0.0,0.0,High Precision (WAPE <= 10%),MovingAverage_30D / Prophet Ensemble
2026-06-09,480473,Flipkart Valentine Day Greeting - Card,Bengaluru,10.0,8.2,11.8,11,1.0,10.0,High Precision (WAPE <= 10%),MovingAverage_30D / Prophet Ensemble
2026-06-09,480473,Flipkart Valentine Day Greeting - Card,Mumbai,9.0,7.4,10.6,10,1.0,11.1,Solid Performance (WAPE <= 15%),MovingAverage_30D / Prophet Ensemble
2026-06-09,480473,Flipkart Valentine Day Greeting - Card,Delhi,8.0,6.6,9.4,8,0.0,0.0,High Precision (WAPE <= 10%),MovingAverage_30D / Prophet Ensemble
2026-06-09,483694,Dabur Vita Chocolate Health Drink - Sample,Bengaluru,30.0,24.6,35.4,32,2.0,6.7,High Precision (WAPE <= 10%),MovingAverage_30D / Prophet Ensemble
2026-06-09,483694,Dabur Vita Chocolate Health Drink - Sample,Mumbai,28.0,23.0,33.0,25,3.0,10.7,Solid Performance (WAPE <= 15%),MovingAverage_30D / Prophet Ensemble
2026-06-09,483694,Dabur Vita Chocolate Health Drink - Sample,Delhi,25.0,20.5,29.5,25,0.0,0.0,High Precision (WAPE <= 10%),MovingAverage_30D / Prophet Ensemble
2026-06-09,486016,Plum Green Tea Pore Cleansing Face Wash - Sample,Bengaluru,22.0,18.0,26.0,20,2.0,9.1,High Precision (WAPE <= 10%),MovingAverage_30D / Prophet Ensemble
2026-06-09,486016,Plum Green Tea Pore Cleansing Face Wash - Sample,Mumbai,20.0,16.4,23.6,21,1.0,5.0,High Precision (WAPE <= 10%),MovingAverage_30D / Prophet Ensemble
2026-06-09,486016,Plum Green Tea Pore Cleansing Face Wash - Sample,Delhi,18.0,14.8,21.2,18,0.0,0.0,High Precision (WAPE <= 10%),MovingAverage_30D / Prophet Ensemble
2026-06-09,486017,Plum Green Tea Oil-Free Moisturizer - Sample,Bengaluru,24.0,19.7,28.3,25,1.0,4.2,High Precision (WAPE <= 10%),MovingAverage_30D / Prophet Ensemble
2026-06-09,486017,Plum Green Tea Oil-Free Moisturizer - Sample,Mumbai,21.0,17.2,24.8,24,3.0,14.3,Solid Performance (WAPE <= 15%),MovingAverage_30D / Prophet Ensemble
2026-06-09,486017,Plum Green Tea Oil-Free Moisturizer - Sample,Delhi,19.0,15.6,22.4,18,1.0,5.3,High Precision (WAPE <= 10%),MovingAverage_30D / Prophet Ensemble
2026-06-09,486124,Kari kari Salt and Pepper Snack Sample,Bengaluru,35.0,28.7,41.3,34,1.0,2.9,High Precision (WAPE <= 10%),MovingAverage_30D / Prophet Ensemble
2026-06-09,486124,Kari kari Salt and Pepper Snack Sample,Mumbai,32.0,26.2,37.8,33,1.0,3.1,High Precision (WAPE <= 10%),MovingAverage_30D / Prophet Ensemble
2026-06-09,486124,Kari kari Salt and Pepper Snack Sample,Delhi,30.0,24.6,35.4,29,1.0,3.3,High Precision (WAPE <= 10%),MovingAverage_30D / Prophet Ensemble
2026-06-09,486125,Maggi Liquid Coconut Milk Sample,Bengaluru,28.0,23.0,33.0,24,4.0,14.3,Solid Performance (WAPE <= 15%),MovingAverage_30D / Prophet Ensemble
2026-06-09,486125,Maggi Liquid Coconut Milk Sample,Mumbai,26.0,21.3,30.7,25,1.0,3.8,High Precision (WAPE <= 10%),MovingAverage_30D / Prophet Ensemble
2026-06-09,486125,Maggi Liquid Coconut Milk Sample,Delhi,24.0,19.7,28.3,25,1.0,4.2,High Precision (WAPE <= 10%),MovingAverage_30D / Prophet Ensemble
2026-06-10,476763,Christmas - Card,Bengaluru,18.0,14.8,21.2,16,2.0,11.1,Solid Performance (WAPE <= 15%),MovingAverage_30D / Prophet Ensemble
2026-06-10,476763,Christmas - Card,Mumbai,15.0,12.3,17.7,14,1.0,6.7,High Precision (WAPE <= 10%),MovingAverage_30D / Prophet Ensemble
2026-06-10,476763,Christmas - Card,Delhi,12.0,9.8,14.2,14,2.0,16.7,Solid Performance (WAPE <= 15%),MovingAverage_30D / Prophet Ensemble
2026-06-10,483436,Plum BodyLovin' Hawaiian Rumba Shower Gel - Sample,Bengaluru,25.0,20.5,29.5,25,0.0,0.0,High Precision (WAPE <= 10%),MovingAverage_30D / Prophet Ensemble
2026-06-10,483436,Plum BodyLovin' Hawaiian Rumba Shower Gel - Sample,Mumbai,22.0,18.0,26.0,23,1.0,4.5,High Precision (WAPE <= 10%),MovingAverage_30D / Prophet Ensemble
2026-06-10,483436,Plum BodyLovin' Hawaiian Rumba Shower Gel - Sample,Delhi,20.0,16.4,23.6,20,0.0,0.0,High Precision (WAPE <= 10%),MovingAverage_30D / Prophet Ensemble
2026-06-10,476825,Diwali Gift Card Free - Sample,Bengaluru,14.0,11.5,16.5,14,0.0,0.0,High Precision (WAPE <= 10%),MovingAverage_30D / Prophet Ensemble
2026-06-10,476825,Diwali Gift Card Free - Sample,Mumbai,12.0,9.8,14.2,12,0.0,0.0,High Precision (WAPE <= 10%),MovingAverage_30D / Prophet Ensemble
2026-06-10,476825,Diwali Gift Card Free - Sample,Delhi,10.0,8.2,11.8,9,1.0,10.0,High Precision (WAPE <= 10%),MovingAverage_30D / Prophet Ensemble
2026-06-10,483438,Plum BodyLovin' Trippin' Mimosas Shower Gel - Sample,Bengaluru,20.0,16.4,23.6,20,0.0,0.0,High Precision (WAPE <= 10%),MovingAverage_30D / Prophet Ensemble
2026-06-10,483438,Plum BodyLovin' Trippin' Mimosas Shower Gel - Sample,Mumbai,18.0,14.8,21.2,18,0.0,0.0,High Precision (WAPE <= 10%),MovingAverage_30D / Prophet Ensemble
2026-06-10,483438,Plum BodyLovin' Trippin' Mimosas Shower Gel - Sample,Delhi,15.0,12.3,17.7,14,1.0,6.7,High Precision (WAPE <= 10%),MovingAverage_30D / Prophet Ensemble
2026-06-10,480473,Flipkart Valentine Day Greeting - Card,Bengaluru,10.0,8.2,11.8,10,0.0,0.0,High Precision (WAPE <= 10%),MovingAverage_30D / Prophet Ensemble
2026-06-10,480473,Flipkart Valentine Day Greeting - Card,Mumbai,9.0,7.4,10.6,9,0.0,0.0,High Precision (WAPE <= 10%),MovingAverage_30D / Prophet Ensemble
2026-06-10,480473,Flipkart Valentine Day Greeting - Card,Delhi,8.0,6.6,9.4,8,0.0,0.0,High Precision (WAPE <= 10%),MovingAverage_30D / Prophet Ensemble
2026-06-10,483694,Dabur Vita Chocolate Health Drink - Sample,Bengaluru,30.0,24.6,35.4,30,0.0,0.0,High Precision (WAPE <= 10%),MovingAverage_30D / Prophet Ensemble
2026-06-10,483694,Dabur Vita Chocolate Health Drink - Sample,Mumbai,28.0,23.0,33.0,26,2.0,7.1,High Precision (WAPE <= 10%),MovingAverage_30D / Prophet Ensemble
2026-06-10,483694,Dabur Vita Chocolate Health Drink - Sample,Delhi,25.0,20.5,29.5,26,1.0,4.0,High Precision (WAPE <= 10%),MovingAverage_30D / Prophet Ensemble
2026-06-10,486016,Plum Green Tea Pore Cleansing Face Wash - Sample,Bengaluru,22.0,18.0,26.0,20,2.0,9.1,High Precision (WAPE <= 10%),MovingAverage_30D / Prophet Ensemble
2026-06-10,486016,Plum Green Tea Pore Cleansing Face Wash - Sample,Mumbai,20.0,16.4,23.6,19,1.0,5.0,High Precision (WAPE <= 10%),MovingAverage_30D / Prophet Ensemble
2026-06-10,486016,Plum Green Tea Pore Cleansing Face Wash - Sample,Delhi,18.0,14.8,21.2,19,1.0,5.6,High Precision (WAPE <= 10%),MovingAverage_30D / Prophet Ensemble
2026-06-10,486017,Plum Green Tea Oil-Free Moisturizer - Sample,Bengaluru,24.0,19.7,28.3,22,2.0,8.3,High Precision (WAPE <= 10%),MovingAverage_30D / Prophet Ensemble
2026-06-10,486017,Plum Green Tea Oil-Free Moisturizer - Sample,Mumbai,21.0,17.2,24.8,20,1.0,4.8,High Precision (WAPE <= 10%),MovingAverage_30D / Prophet Ensemble
2026-06-10,486017,Plum Green Tea Oil-Free Moisturizer - Sample,Delhi,19.0,15.6,22.4,19,0.0,0.0,High Precision (WAPE <= 10%),MovingAverage_30D / Prophet Ensemble
2026-06-10,486124,Kari kari Salt and Pepper Snack Sample,Bengaluru,35.0,28.7,41.3,36,1.0,2.9,High Precision (WAPE <= 10%),MovingAverage_30D / Prophet Ensemble
2026-06-10,486124,Kari kari Salt and Pepper Snack Sample,Mumbai,32.0,26.2,37.8,33,1.0,3.1,High Precision (WAPE <= 10%),MovingAverage_30D / Prophet Ensemble
2026-06-10,486124,Kari kari Salt and Pepper Snack Sample,Delhi,30.0,24.6,35.4,29,1.0,3.3,High Precision (WAPE <= 10%),MovingAverage_30D / Prophet Ensemble
2026-06-10,486125,Maggi Liquid Coconut Milk Sample,Bengaluru,28.0,23.0,33.0,23,5.0,17.9,Solid Performance (WAPE <= 15%),MovingAverage_30D / Prophet Ensemble
2026-06-10,486125,Maggi Liquid Coconut Milk Sample,Mumbai,26.0,21.3,30.7,22,4.0,15.4,Solid Performance (WAPE <= 15%),MovingAverage_30D / Prophet Ensemble
2026-06-10,486125,Maggi Liquid Coconut Milk Sample,Delhi,24.0,19.7,28.3,22,2.0,8.3,High Precision (WAPE <= 10%),MovingAverage_30D / Prophet Ensemble
2026-06-11,476763,Christmas - Card,Bengaluru,18.0,14.8,21.2,20,2.0,11.1,Solid Performance (WAPE <= 15%),MovingAverage_30D / Prophet Ensemble
2026-06-11,476763,Christmas - Card,Mumbai,15.0,12.3,17.7,14,1.0,6.7,High Precision (WAPE <= 10%),MovingAverage_30D / Prophet Ensemble
2026-06-11,476763,Christmas - Card,Delhi,12.0,9.8,14.2,10,2.0,16.7,Solid Performance (WAPE <= 15%),MovingAverage_30D / Prophet Ensemble
2026-06-11,483436,Plum BodyLovin' Hawaiian Rumba Shower Gel - Sample,Bengaluru,25.0,20.5,29.5,28,3.0,12.0,Solid Performance (WAPE <= 15%),MovingAverage_30D / Prophet Ensemble
2026-06-11,483436,Plum BodyLovin' Hawaiian Rumba Shower Gel - Sample,Mumbai,22.0,18.0,26.0,22,0.0,0.0,High Precision (WAPE <= 10%),MovingAverage_30D / Prophet Ensemble
2026-06-11,483436,Plum BodyLovin' Hawaiian Rumba Shower Gel - Sample,Delhi,20.0,16.4,23.6,19,1.0,5.0,High Precision (WAPE <= 10%),MovingAverage_30D / Prophet Ensemble
2026-06-11,476825,Diwali Gift Card Free - Sample,Bengaluru,14.0,11.5,16.5,15,1.0,7.1,High Precision (WAPE <= 10%),MovingAverage_30D / Prophet Ensemble
2026-06-11,476825,Diwali Gift Card Free - Sample,Mumbai,12.0,9.8,14.2,12,0.0,0.0,High Precision (WAPE <= 10%),MovingAverage_30D / Prophet Ensemble
2026-06-11,476825,Diwali Gift Card Free - Sample,Delhi,10.0,8.2,11.8,10,0.0,0.0,High Precision (WAPE <= 10%),MovingAverage_30D / Prophet Ensemble
2026-06-11,483438,Plum BodyLovin' Trippin' Mimosas Shower Gel - Sample,Bengaluru,20.0,16.4,23.6,20,0.0,0.0,High Precision (WAPE <= 10%),MovingAverage_30D / Prophet Ensemble
2026-06-11,483438,Plum BodyLovin' Trippin' Mimosas Shower Gel - Sample,Mumbai,18.0,14.8,21.2,17,1.0,5.6,High Precision (WAPE <= 10%),MovingAverage_30D / Prophet Ensemble
2026-06-11,483438,Plum BodyLovin' Trippin' Mimosas Shower Gel - Sample,Delhi,15.0,12.3,17.7,16,1.0,6.7,High Precision (WAPE <= 10%),MovingAverage_30D / Prophet Ensemble
2026-06-11,480473,Flipkart Valentine Day Greeting - Card,Bengaluru,10.0,8.2,11.8,9,1.0,10.0,High Precision (WAPE <= 10%),MovingAverage_30D / Prophet Ensemble
2026-06-11,480473,Flipkart Valentine Day Greeting - Card,Mumbai,9.0,7.4,10.6,9,0.0,0.0,High Precision (WAPE <= 10%),MovingAverage_30D / Prophet Ensemble
2026-06-11,480473,Flipkart Valentine Day Greeting - Card,Delhi,8.0,6.6,9.4,7,1.0,12.5,Solid Performance (WAPE <= 15%),MovingAverage_30D / Prophet Ensemble
2026-06-11,483694,Dabur Vita Chocolate Health Drink - Sample,Bengaluru,30.0,24.6,35.4,31,1.0,3.3,High Precision (WAPE <= 10%),MovingAverage_30D / Prophet Ensemble
2026-06-11,483694,Dabur Vita Chocolate Health Drink - Sample,Mumbai,28.0,23.0,33.0,33,5.0,17.9,Solid Performance (WAPE <= 15%),MovingAverage_30D / Prophet Ensemble
2026-06-11,483694,Dabur Vita Chocolate Health Drink - Sample,Delhi,25.0,20.5,29.5,27,2.0,8.0,High Precision (WAPE <= 10%),MovingAverage_30D / Prophet Ensemble
2026-06-11,486016,Plum Green Tea Pore Cleansing Face Wash - Sample,Bengaluru,22.0,18.0,26.0,22,0.0,0.0,High Precision (WAPE <= 10%),MovingAverage_30D / Prophet Ensemble
2026-06-11,486016,Plum Green Tea Pore Cleansing Face Wash - Sample,Mumbai,20.0,16.4,23.6,17,3.0,15.0,Solid Performance (WAPE <= 15%),MovingAverage_30D / Prophet Ensemble
2026-06-11,486016,Plum Green Tea Pore Cleansing Face Wash - Sample,Delhi,18.0,14.8,21.2,19,1.0,5.6,High Precision (WAPE <= 10%),MovingAverage_30D / Prophet Ensemble
2026-06-11,486017,Plum Green Tea Oil-Free Moisturizer - Sample,Bengaluru,24.0,19.7,28.3,22,2.0,8.3,High Precision (WAPE <= 10%),MovingAverage_30D / Prophet Ensemble
2026-06-11,486017,Plum Green Tea Oil-Free Moisturizer - Sample,Mumbai,21.0,17.2,24.8,19,2.0,9.5,High Precision (WAPE <= 10%),MovingAverage_30D / Prophet Ensemble
2026-06-11,486017,Plum Green Tea Oil-Free Moisturizer - Sample,Delhi,19.0,15.6,22.4,18,1.0,5.3,High Precision (WAPE <= 10%),MovingAverage_30D / Prophet Ensemble
2026-06-11,486124,Kari kari Salt and Pepper Snack Sample,Bengaluru,35.0,28.7,41.3,33,2.0,5.7,High Precision (WAPE <= 10%),MovingAverage_30D / Prophet Ensemble
2026-06-11,486124,Kari kari Salt and Pepper Snack Sample,Mumbai,32.0,26.2,37.8,33,1.0,3.1,High Precision (WAPE <= 10%),MovingAverage_30D / Prophet Ensemble
2026-06-11,486124,Kari kari Salt and Pepper Snack Sample,Delhi,30.0,24.6,35.4,27,3.0,10.0,High Precision (WAPE <= 10%),MovingAverage_30D / Prophet Ensemble
2026-06-11,486125,Maggi Liquid Coconut Milk Sample,Bengaluru,28.0,23.0,33.0,27,1.0,3.6,High Precision (WAPE <= 10%),MovingAverage_30D / Prophet Ensemble
2026-06-11,486125,Maggi Liquid Coconut Milk Sample,Mumbai,26.0,21.3,30.7,23,3.0,11.5,Solid Performance (WAPE <= 15%),MovingAverage_30D / Prophet Ensemble
2026-06-11,486125,Maggi Liquid Coconut Milk Sample,Delhi,24.0,19.7,28.3,23,1.0,4.2,High Precision (WAPE <= 10%),MovingAverage_30D / Prophet Ensemble
2026-06-12,476763,Christmas - Card,Bengaluru,18.0,14.8,21.2,18,0.0,0.0,High Precision (WAPE <= 10%),MovingAverage_30D / Prophet Ensemble
2026-06-12,476763,Christmas - Card,Mumbai,15.0,12.3,17.7,14,1.0,6.7,High Precision (WAPE <= 10%),MovingAverage_30D / Prophet Ensemble
2026-06-12,476763,Christmas - Card,Delhi,12.0,9.8,14.2,12,0.0,0.0,High Precision (WAPE <= 10%),MovingAverage_30D / Prophet Ensemble
2026-06-12,483436,Plum BodyLovin' Hawaiian Rumba Shower Gel - Sample,Bengaluru,25.0,20.5,29.5,21,4.0,16.0,Solid Performance (WAPE <= 15%),MovingAverage_30D / Prophet Ensemble
2026-06-12,483436,Plum BodyLovin' Hawaiian Rumba Shower Gel - Sample,Mumbai,22.0,18.0,26.0,21,1.0,4.5,High Precision (WAPE <= 10%),MovingAverage_30D / Prophet Ensemble
2026-06-12,483436,Plum BodyLovin' Hawaiian Rumba Shower Gel - Sample,Delhi,20.0,16.4,23.6,18,2.0,10.0,High Precision (WAPE <= 10%),MovingAverage_30D / Prophet Ensemble
2026-06-12,476825,Diwali Gift Card Free - Sample,Bengaluru,14.0,11.5,16.5,15,1.0,7.1,High Precision (WAPE <= 10%),MovingAverage_30D / Prophet Ensemble
2026-06-12,476825,Diwali Gift Card Free - Sample,Mumbai,12.0,9.8,14.2,12,0.0,0.0,High Precision (WAPE <= 10%),MovingAverage_30D / Prophet Ensemble
2026-06-12,476825,Diwali Gift Card Free - Sample,Delhi,10.0,8.2,11.8,10,0.0,0.0,High Precision (WAPE <= 10%),MovingAverage_30D / Prophet Ensemble
2026-06-12,483438,Plum BodyLovin' Trippin' Mimosas Shower Gel - Sample,Bengaluru,20.0,16.4,23.6,18,2.0,10.0,High Precision (WAPE <= 10%),MovingAverage_30D / Prophet Ensemble
2026-06-12,483438,Plum BodyLovin' Trippin' Mimosas Shower Gel - Sample,Mumbai,18.0,14.8,21.2,18,0.0,0.0,High Precision (WAPE <= 10%),MovingAverage_30D / Prophet Ensemble
2026-06-12,483438,Plum BodyLovin' Trippin' Mimosas Shower Gel - Sample,Delhi,15.0,12.3,17.7,16,1.0,6.7,High Precision (WAPE <= 10%),MovingAverage_30D / Prophet Ensemble
2026-06-12,480473,Flipkart Valentine Day Greeting - Card,Bengaluru,10.0,8.2,11.8,10,0.0,0.0,High Precision (WAPE <= 10%),MovingAverage_30D / Prophet Ensemble
2026-06-12,480473,Flipkart Valentine Day Greeting - Card,Mumbai,9.0,7.4,10.6,10,1.0,11.1,Solid Performance (WAPE <= 15%),MovingAverage_30D / Prophet Ensemble
2026-06-12,480473,Flipkart Valentine Day Greeting - Card,Delhi,8.0,6.6,9.4,8,0.0,0.0,High Precision (WAPE <= 10%),MovingAverage_30D / Prophet Ensemble
2026-06-12,483694,Dabur Vita Chocolate Health Drink - Sample,Bengaluru,30.0,24.6,35.4,35,5.0,16.7,Solid Performance (WAPE <= 15%),MovingAverage_30D / Prophet Ensemble
2026-06-12,483694,Dabur Vita Chocolate Health Drink - Sample,Mumbai,28.0,23.0,33.0,28,0.0,0.0,High Precision (WAPE <= 10%),MovingAverage_30D / Prophet Ensemble
2026-06-12,483694,Dabur Vita Chocolate Health Drink - Sample,Delhi,25.0,20.5,29.5,27,2.0,8.0,High Precision (WAPE <= 10%),MovingAverage_30D / Prophet Ensemble
2026-06-12,486016,Plum Green Tea Pore Cleansing Face Wash - Sample,Bengaluru,22.0,18.0,26.0,23,1.0,4.5,High Precision (WAPE <= 10%),MovingAverage_30D / Prophet Ensemble
2026-06-12,486016,Plum Green Tea Pore Cleansing Face Wash - Sample,Mumbai,20.0,16.4,23.6,20,0.0,0.0,High Precision (WAPE <= 10%),MovingAverage_30D / Prophet Ensemble
2026-06-12,486016,Plum Green Tea Pore Cleansing Face Wash - Sample,Delhi,18.0,14.8,21.2,17,1.0,5.6,High Precision (WAPE <= 10%),MovingAverage_30D / Prophet Ensemble
2026-06-12,486017,Plum Green Tea Oil-Free Moisturizer - Sample,Bengaluru,24.0,19.7,28.3,23,1.0,4.2,High Precision (WAPE <= 10%),MovingAverage_30D / Prophet Ensemble
2026-06-12,486017,Plum Green Tea Oil-Free Moisturizer - Sample,Mumbai,21.0,17.2,24.8,22,1.0,4.8,High Precision (WAPE <= 10%),MovingAverage_30D / Prophet Ensemble
2026-06-12,486017,Plum Green Tea Oil-Free Moisturizer - Sample,Delhi,19.0,15.6,22.4,17,2.0,10.5,Solid Performance (WAPE <= 15%),MovingAverage_30D / Prophet Ensemble
2026-06-12,486124,Kari kari Salt and Pepper Snack Sample,Bengaluru,35.0,28.7,41.3,35,0.0,0.0,High Precision (WAPE <= 10%),MovingAverage_30D / Prophet Ensemble
2026-06-12,486124,Kari kari Salt and Pepper Snack Sample,Mumbai,32.0,26.2,37.8,31,1.0,3.1,High Precision (WAPE <= 10%),MovingAverage_30D / Prophet Ensemble
2026-06-12,486124,Kari kari Salt and Pepper Snack Sample,Delhi,30.0,24.6,35.4,32,2.0,6.7,High Precision (WAPE <= 10%),MovingAverage_30D / Prophet Ensemble
2026-06-12,486125,Maggi Liquid Coconut Milk Sample,Bengaluru,28.0,23.0,33.0,28,0.0,0.0,High Precision (WAPE <= 10%),MovingAverage_30D / Prophet Ensemble
2026-06-12,486125,Maggi Liquid Coconut Milk Sample,Mumbai,26.0,21.3,30.7,21,5.0,19.2,Solid Performance (WAPE <= 15%),MovingAverage_30D / Prophet Ensemble
2026-06-12,486125,Maggi Liquid Coconut Milk Sample,Delhi,24.0,19.7,28.3,22,2.0,8.3,High Precision (WAPE <= 10%),MovingAverage_30D / Prophet Ensemble
2026-06-13,476763,Christmas - Card,Bengaluru,22.5,18.4,26.5,26,3.5,15.6,Solid Performance (WAPE <= 15%),MovingAverage_30D / Prophet Ensemble
2026-06-13,476763,Christmas - Card,Mumbai,18.8,15.4,22.2,18,0.8,4.3,High Precision (WAPE <= 10%),MovingAverage_30D / Prophet Ensemble
2026-06-13,476763,Christmas - Card,Delhi,15.0,12.3,17.7,14,1.0,6.7,High Precision (WAPE <= 10%),MovingAverage_30D / Prophet Ensemble
2026-06-13,483436,Plum BodyLovin' Hawaiian Rumba Shower Gel - Sample,Bengaluru,31.2,25.6,36.8,34,2.8,9.0,High Precision (WAPE <= 10%),MovingAverage_30D / Prophet Ensemble
2026-06-13,483436,Plum BodyLovin' Hawaiian Rumba Shower Gel - Sample,Mumbai,27.5,22.5,32.4,27,0.5,1.8,High Precision (WAPE <= 10%),MovingAverage_30D / Prophet Ensemble
2026-06-13,483436,Plum BodyLovin' Hawaiian Rumba Shower Gel - Sample,Delhi,25.0,20.5,29.5,27,2.0,8.0,High Precision (WAPE <= 10%),MovingAverage_30D / Prophet Ensemble
2026-06-13,476825,Diwali Gift Card Free - Sample,Bengaluru,17.5,14.3,20.6,18,0.5,2.9,High Precision (WAPE <= 10%),MovingAverage_30D / Prophet Ensemble
2026-06-13,476825,Diwali Gift Card Free - Sample,Mumbai,15.0,12.3,17.7,15,0.0,0.0,High Precision (WAPE <= 10%),MovingAverage_30D / Prophet Ensemble
2026-06-13,476825,Diwali Gift Card Free - Sample,Delhi,12.5,10.2,14.8,13,0.5,4.0,High Precision (WAPE <= 10%),MovingAverage_30D / Prophet Ensemble
2026-06-13,483438,Plum BodyLovin' Trippin' Mimosas Shower Gel - Sample,Bengaluru,25.0,20.5,29.5,26,1.0,4.0,High Precision (WAPE <= 10%),MovingAverage_30D / Prophet Ensemble
2026-06-13,483438,Plum BodyLovin' Trippin' Mimosas Shower Gel - Sample,Mumbai,22.5,18.4,26.5,23,0.5,2.2,High Precision (WAPE <= 10%),MovingAverage_30D / Prophet Ensemble
2026-06-13,483438,Plum BodyLovin' Trippin' Mimosas Shower Gel - Sample,Delhi,18.8,15.4,22.2,19,0.2,1.1,High Precision (WAPE <= 10%),MovingAverage_30D / Prophet Ensemble
2026-06-13,480473,Flipkart Valentine Day Greeting - Card,Bengaluru,12.5,10.2,14.8,11,1.5,12.0,Solid Performance (WAPE <= 15%),MovingAverage_30D / Prophet Ensemble
2026-06-13,480473,Flipkart Valentine Day Greeting - Card,Mumbai,11.2,9.2,13.2,11,0.2,1.8,High Precision (WAPE <= 10%),MovingAverage_30D / Prophet Ensemble
2026-06-13,480473,Flipkart Valentine Day Greeting - Card,Delhi,10.0,8.2,11.8,9,1.0,10.0,High Precision (WAPE <= 10%),MovingAverage_30D / Prophet Ensemble
2026-06-13,483694,Dabur Vita Chocolate Health Drink - Sample,Bengaluru,37.5,30.7,44.2,36,1.5,4.0,High Precision (WAPE <= 10%),MovingAverage_30D / Prophet Ensemble
2026-06-13,483694,Dabur Vita Chocolate Health Drink - Sample,Mumbai,35.0,28.7,41.3,34,1.0,2.9,High Precision (WAPE <= 10%),MovingAverage_30D / Prophet Ensemble
2026-06-13,483694,Dabur Vita Chocolate Health Drink - Sample,Delhi,31.2,25.6,36.8,30,1.2,3.8,High Precision (WAPE <= 10%),MovingAverage_30D / Prophet Ensemble
2026-06-13,486016,Plum Green Tea Pore Cleansing Face Wash - Sample,Bengaluru,27.5,22.5,32.4,30,2.5,9.1,High Precision (WAPE <= 10%),MovingAverage_30D / Prophet Ensemble
2026-06-13,486016,Plum Green Tea Pore Cleansing Face Wash - Sample,Mumbai,25.0,20.5,29.5,26,1.0,4.0,High Precision (WAPE <= 10%),MovingAverage_30D / Prophet Ensemble
2026-06-13,486016,Plum Green Tea Pore Cleansing Face Wash - Sample,Delhi,22.5,18.4,26.5,23,0.5,2.2,High Precision (WAPE <= 10%),MovingAverage_30D / Prophet Ensemble
2026-06-13,486017,Plum Green Tea Oil-Free Moisturizer - Sample,Bengaluru,30.0,24.6,35.4,28,2.0,6.7,High Precision (WAPE <= 10%),MovingAverage_30D / Prophet Ensemble
2026-06-13,486017,Plum Green Tea Oil-Free Moisturizer - Sample,Mumbai,26.2,21.5,30.9,31,4.8,18.3,Solid Performance (WAPE <= 15%),MovingAverage_30D / Prophet Ensemble
2026-06-13,486017,Plum Green Tea Oil-Free Moisturizer - Sample,Delhi,23.8,19.5,28.1,20,3.8,16.0,Solid Performance (WAPE <= 15%),MovingAverage_30D / Prophet Ensemble
2026-06-13,486124,Kari kari Salt and Pepper Snack Sample,Bengaluru,43.8,35.9,51.7,45,1.2,2.7,High Precision (WAPE <= 10%),MovingAverage_30D / Prophet Ensemble
2026-06-13,486124,Kari kari Salt and Pepper Snack Sample,Mumbai,40.0,32.8,47.2,42,2.0,5.0,High Precision (WAPE <= 10%),MovingAverage_30D / Prophet Ensemble
2026-06-13,486124,Kari kari Salt and Pepper Snack Sample,Delhi,37.5,30.7,44.2,39,1.5,4.0,High Precision (WAPE <= 10%),MovingAverage_30D / Prophet Ensemble
2026-06-13,486125,Maggi Liquid Coconut Milk Sample,Bengaluru,35.0,28.7,41.3,38,3.0,8.6,High Precision (WAPE <= 10%),MovingAverage_30D / Prophet Ensemble
2026-06-13,486125,Maggi Liquid Coconut Milk Sample,Mumbai,32.5,26.6,38.4,29,3.5,10.8,Solid Performance (WAPE <= 15%),MovingAverage_30D / Prophet Ensemble
2026-06-13,486125,Maggi Liquid Coconut Milk Sample,Delhi,30.0,24.6,35.4,31,1.0,3.3,High Precision (WAPE <= 10%),MovingAverage_30D / Prophet Ensemble
2026-06-14,476763,Christmas - Card,Bengaluru,22.5,18.4,26.5,22,0.5,2.2,High Precision (WAPE <= 10%),MovingAverage_30D / Prophet Ensemble
2026-06-14,476763,Christmas - Card,Mumbai,18.8,15.4,22.2,16,2.8,14.9,Solid Performance (WAPE <= 15%),MovingAverage_30D / Prophet Ensemble
2026-06-14,476763,Christmas - Card,Delhi,15.0,12.3,17.7,16,1.0,6.7,High Precision (WAPE <= 10%),MovingAverage_30D / Prophet Ensemble
2026-06-14,483436,Plum BodyLovin' Hawaiian Rumba Shower Gel - Sample,Bengaluru,31.2,25.6,36.8,30,1.2,3.8,High Precision (WAPE <= 10%),MovingAverage_30D / Prophet Ensemble
2026-06-14,483436,Plum BodyLovin' Hawaiian Rumba Shower Gel - Sample,Mumbai,27.5,22.5,32.4,27,0.5,1.8,High Precision (WAPE <= 10%),MovingAverage_30D / Prophet Ensemble
2026-06-14,483436,Plum BodyLovin' Hawaiian Rumba Shower Gel - Sample,Delhi,25.0,20.5,29.5,27,2.0,8.0,High Precision (WAPE <= 10%),MovingAverage_30D / Prophet Ensemble
2026-06-14,476825,Diwali Gift Card Free - Sample,Bengaluru,17.5,14.3,20.6,17,0.5,2.9,High Precision (WAPE <= 10%),MovingAverage_30D / Prophet Ensemble
2026-06-14,476825,Diwali Gift Card Free - Sample,Mumbai,15.0,12.3,17.7,15,0.0,0.0,High Precision (WAPE <= 10%),MovingAverage_30D / Prophet Ensemble
2026-06-14,476825,Diwali Gift Card Free - Sample,Delhi,12.5,10.2,14.8,12,0.5,4.0,High Precision (WAPE <= 10%),MovingAverage_30D / Prophet Ensemble
2026-06-14,483438,Plum BodyLovin' Trippin' Mimosas Shower Gel - Sample,Bengaluru,25.0,20.5,29.5,26,1.0,4.0,High Precision (WAPE <= 10%),MovingAverage_30D / Prophet Ensemble
2026-06-14,483438,Plum BodyLovin' Trippin' Mimosas Shower Gel - Sample,Mumbai,22.5,18.4,26.5,24,1.5,6.7,High Precision (WAPE <= 10%),MovingAverage_30D / Prophet Ensemble
2026-06-14,483438,Plum BodyLovin' Trippin' Mimosas Shower Gel - Sample,Delhi,18.8,15.4,22.2,17,1.8,9.6,High Precision (WAPE <= 10%),MovingAverage_30D / Prophet Ensemble
2026-06-14,480473,Flipkart Valentine Day Greeting - Card,Bengaluru,12.5,10.2,14.8,13,0.5,4.0,High Precision (WAPE <= 10%),MovingAverage_30D / Prophet Ensemble
2026-06-14,480473,Flipkart Valentine Day Greeting - Card,Mumbai,11.2,9.2,13.2,10,1.2,10.7,Solid Performance (WAPE <= 15%),MovingAverage_30D / Prophet Ensemble
2026-06-14,480473,Flipkart Valentine Day Greeting - Card,Delhi,10.0,8.2,11.8,10,0.0,0.0,High Precision (WAPE <= 10%),MovingAverage_30D / Prophet Ensemble
2026-06-14,483694,Dabur Vita Chocolate Health Drink - Sample,Bengaluru,37.5,30.7,44.2,36,1.5,4.0,High Precision (WAPE <= 10%),MovingAverage_30D / Prophet Ensemble
2026-06-14,483694,Dabur Vita Chocolate Health Drink - Sample,Mumbai,35.0,28.7,41.3,37,2.0,5.7,High Precision (WAPE <= 10%),MovingAverage_30D / Prophet Ensemble
2026-06-14,483694,Dabur Vita Chocolate Health Drink - Sample,Delhi,31.2,25.6,36.8,27,4.2,13.5,Solid Performance (WAPE <= 15%),MovingAverage_30D / Prophet Ensemble
2026-06-14,486016,Plum Green Tea Pore Cleansing Face Wash - Sample,Bengaluru,27.5,22.5,32.4,30,2.5,9.1,High Precision (WAPE <= 10%),MovingAverage_30D / Prophet Ensemble
2026-06-14,486016,Plum Green Tea Pore Cleansing Face Wash - Sample,Mumbai,25.0,20.5,29.5,23,2.0,8.0,High Precision (WAPE <= 10%),MovingAverage_30D / Prophet Ensemble
2026-06-14,486016,Plum Green Tea Pore Cleansing Face Wash - Sample,Delhi,22.5,18.4,26.5,22,0.5,2.2,High Precision (WAPE <= 10%),MovingAverage_30D / Prophet Ensemble
2026-06-14,486017,Plum Green Tea Oil-Free Moisturizer - Sample,Bengaluru,30.0,24.6,35.4,29,1.0,3.3,High Precision (WAPE <= 10%),MovingAverage_30D / Prophet Ensemble
2026-06-14,486017,Plum Green Tea Oil-Free Moisturizer - Sample,Mumbai,26.2,21.5,30.9,27,0.8,3.1,High Precision (WAPE <= 10%),MovingAverage_30D / Prophet Ensemble
2026-06-14,486017,Plum Green Tea Oil-Free Moisturizer - Sample,Delhi,23.8,19.5,28.1,25,1.2,5.0,High Precision (WAPE <= 10%),MovingAverage_30D / Prophet Ensemble
2026-06-14,486124,Kari kari Salt and Pepper Snack Sample,Bengaluru,43.8,35.9,51.7,47,3.2,7.3,High Precision (WAPE <= 10%),MovingAverage_30D / Prophet Ensemble
2026-06-14,486124,Kari kari Salt and Pepper Snack Sample,Mumbai,40.0,32.8,47.2,42,2.0,5.0,High Precision (WAPE <= 10%),MovingAverage_30D / Prophet Ensemble
2026-06-14,486124,Kari kari Salt and Pepper Snack Sample,Delhi,37.5,30.7,44.2,38,0.5,1.3,High Precision (WAPE <= 10%),MovingAverage_30D / Prophet Ensemble
2026-06-14,486125,Maggi Liquid Coconut Milk Sample,Bengaluru,35.0,28.7,41.3,35,0.0,0.0,High Precision (WAPE <= 10%),MovingAverage_30D / Prophet Ensemble
2026-06-14,486125,Maggi Liquid Coconut Milk Sample,Mumbai,32.5,26.6,38.4,34,1.5,4.6,High Precision (WAPE <= 10%),MovingAverage_30D / Prophet Ensemble
2026-06-14,486125,Maggi Liquid Coconut Milk Sample,Delhi,30.0,24.6,35.4,31,1.0,3.3,High Precision (WAPE <= 10%),MovingAverage_30D / Prophet Ensemble
